TransactionID,TransactionDT,isFraud,TransactionAmt,ProductCD,card1,card2,card3,card4,card5,card6,addr1,addr2,dist1,dist2,P_emaildomain,R_emaildomain,P_emaildomain_isnull,R_emaildomain_isnull,P_emaildomain_is_highrisk,R_emaildomain_is_highrisk,emails_match,txn_hour,txn_day,txn_dayofweek,is_night,card1_txn_count_1h,card1_txn_count_24h,card1_txn_count_7d,card1_amt_sum_1h,card1_amt_sum_24h,card1_amt_sum_7d,card1_amt_max_24h,card1_seconds_since_last,card1_amt_mean,card1_amt_std,card1_amt_zscore,card1_total_txns,card1_distinct_products,card1_distinct_addr1,C1,C2,C3,C4,C5,C6,C7,C8,C9,C10,C11,C12,C13,C14,D1,D2,D3,D4,D10,D15,V1,V12,V14,V20,V30,V40,V50,V70,V90,V100,V130,V160,V200,V250,V300,timestamp
2987027,86972,0,47.95,W,11307,321.0,150.0,visa,226.0,debit,337.0,87.0,17.0,,yahoo.com,,0,1,0,0,0,0,1,1,1,0,0,0,0.0,0.0,0.0,0.0,-1,58.46249999999999,40.144953501862055,-0.2618635490389193,4,1,1,4.0,2.0,0.0,0.0,1.0,2.0,0.0,0.0,4.0,0.0,3.0,0.0,4.0,3.0,0.0,,,35.0,0.0,0.0,1.0,1.0,1.0,1.0,1.0,0.0,0.0,1.0,1.0,0.0,0.0,,,,0.0,2017-12-02 00:09:32
2987059,87557,0,35.95,W,9785,343.0,150.0,visa,100.0,debit,485.0,87.0,154.0,,gmail.com,,0,1,0,0,0,0,1,1,1,0,0,0,0.0,0.0,0.0,0.0,-1,33.84882352941177,17.440461195010812,0.1204771162352816,85,2,21,12.0,11.0,0.0,0.0,6.0,7.0,0.0,0.0,9.0,0.0,9.0,0.0,39.0,10.0,0.0,,,319.0,0.0,0.0,1.0,1.0,1.0,1.0,1.0,0.0,0.0,1.0,1.0,0.0,0.0,,,,0.0,2017-12-02 00:19:17
2987071,87736,0,59.0,W,1662,111.0,150.0,visa,195.0,debit,472.0,87.0,,,gmail.com,,0,1,0,0,0,0,1,1,1,0,0,0,0.0,0.0,0.0,0.0,-1,277.30350000000004,506.86817079077815,-0.43069088291620106,20,3,4,1.0,1.0,0.0,0.0,0.0,1.0,0.0,0.0,0.0,0.0,1.0,0.0,1.0,1.0,0.0,,,0.0,0.0,0.0,,0.0,1.0,1.0,0.0,0.0,0.0,0.0,0.0,0.0,0.0,,,,0.0,2017-12-02 00:22:16
2987092,88054,0,117.0,W,6481,111.0,150.0,visa,226.0,debit,337.0,87.0,327.0,,cox.net,,0,1,0,0,0,0,1,1,1,0,0,0,0.0,0.0,0.0,0.0,-1,141.12871116225548,240.4682028530176,-0.10034054763158762,869,4,30,1.0,1.0,0.0,0.0,0.0,1.0,0.0,0.0,1.0,0.0,1.0,0.0,1.0,1.0,0.0,,,0.0,0.0,0.0,1.0,1.0,1.0,1.0,0.0,0.0,0.0,0.0,0.0,0.0,0.0,,,,0.0,2017-12-02 00:27:34
2987120,88507,0,59.0,W,9749,528.0,150.0,visa,226.0,credit,436.0,87.0,5.0,,gmail.com,,0,1,0,0,0,0,1,1,1,0,0,0,0.0,0.0,0.0,0.0,-1,242.88843428571437,358.41621689089806,-0.5130583540021294,875,4,45,1.0,1.0,0.0,0.0,0.0,1.0,0.0,0.0,1.0,0.0,1.0,0.0,1.0,1.0,0.0,,,0.0,0.0,0.0,1.0,1.0,1.0,1.0,0.0,0.0,0.0,0.0,0.0,0.0,0.0,,,,0.0,2017-12-02 00:35:07
2987197,89663,0,66.0,H,7826,481.0,150.0,mastercard,224.0,debit,325.0,87.0,,,aol.com,gmail.com,0,0,0,0,0,0,1,1,1,1,1,1,117.0,117.0,117.0,117.0,2330,122.76362308715913,176.53005990467102,-0.3215521657773887,3006,5,26,1.0,1.0,0.0,1.0,0.0,1.0,0.0,1.0,0.0,1.0,1.0,0.0,1.0,1.0,0.0,,,,,,,,,,,,,,,0.0,0.0,0.0,1.0,1.0,0.0,2017-12-02 00:54:23
2987283,90835,0,57.95,W,5345,555.0,150.0,visa,226.0,debit,325.0,87.0,,,gmail.com,,0,1,0,0,0,1,1,1,1,0,0,0,0.0,0.0,0.0,0.0,-1,113.28947368421052,90.09739572470599,-0.6142183493660699,19,2,2,2.0,1.0,0.0,0.0,1.0,1.0,0.0,0.0,1.0,0.0,2.0,0.0,3.0,2.0,0.0,,,140.0,140.0,0.0,,1.0,1.0,1.0,1.0,0.0,0.0,1.0,1.0,0.0,0.0,,,,0.0,2017-12-02 01:13:55
2987333,91760,0,30.0,H,15497,490.0,150.0,visa,226.0,debit,299.0,87.0,,,yahoo.com,,0,1,0,0,0,1,1,1,1,4,4,4,984.8,984.8,984.8,424.95,2321,139.35081166708557,200.83679959529098,-0.544475971970475,3977,5,34,1.0,1.0,0.0,0.0,0.0,1.0,0.0,1.0,0.0,1.0,1.0,0.0,1.0,1.0,0.0,,,0.0,0.0,0.0,,0.0,1.0,1.0,0.0,1.0,0.0,0.0,0.0,0.0,0.0,171580.796875,1.0,1.0,0.0,2017-12-02 01:29:20
2987387,92653,0,40.0,H,2803,100.0,150.0,visa,226.0,debit,315.0,87.0,,,gmail.com,,0,1,0,0,0,1,1,1,1,3,4,4,1230.95,1245.95,1245.95,648.95,526,142.68340872821966,261.9830557656429,-0.39194675559504566,6141,5,63,1.0,1.0,0.0,0.0,0.0,1.0,0.0,1.0,0.0,1.0,1.0,0.0,1.0,1.0,0.0,,,,,,,,,,,,,,,0.0,0.0,171777.796875,1.0,1.0,0.0,2017-12-02 01:44:13
2987447,93861,0,59.0,W,12219,,150.0,visa,166.0,debit,441.0,87.0,214.0,,yahoo.com,,0,1,0,0,0,2,1,1,1,0,0,0,0.0,0.0,0.0,0.0,-1,103.6795804195804,162.30197631364715,-0.27528673054009833,143,1,33,1.0,1.0,0.0,0.0,0.0,1.0,0.0,0.0,1.0,0.0,1.0,0.0,1.0,1.0,0.0,,,0.0,0.0,0.0,1.0,1.0,1.0,1.0,0.0,0.0,0.0,0.0,0.0,0.0,0.0,,,,0.0,2017-12-02 02:04:21
2987448,93870,0,24.0,W,8320,476.0,150.0,visa,166.0,debit,469.0,87.0,1223.0,,gmail.com,,0,1,0,0,0,2,1,1,1,0,0,0,0.0,0.0,0.0,0.0,-1,101.76766717325243,148.69323437132428,-0.5230074354226977,2632,4,50,1.0,1.0,0.0,0.0,0.0,1.0,0.0,0.0,1.0,0.0,1.0,0.0,1.0,1.0,0.0,,,0.0,0.0,0.0,1.0,1.0,1.0,1.0,0.0,0.0,0.0,0.0,0.0,0.0,0.0,,,,0.0,2017-12-02 02:04:30
2987488,94642,0,15.105,C,15885,545.0,185.0,visa,138.0,debit,,,,514.0,hotmail.com,hotmail.com,0,0,0,0,1,2,1,1,1,4,14,14,76.854,363.064,363.064,77.821,464,39.45529389055109,36.1778609512866,-0.6730716866687807,10361,2,32,3.0,18.0,0.0,2.0,0.0,2.0,2.0,9.0,0.0,7.0,5.0,5.0,16.0,3.0,298.0,298.0,43.0,289.0,0.0,289.0,,0.0,1.0,1.0,0.0,1.0,1.0,0.0,0.0,0.0,0.0,,0.0,0.0,0.0,2017-12-02 02:17:22
2987507,94997,0,120.0,W,18132,567.0,150.0,mastercard,117.0,debit,476.0,87.0,,,yahoo.com,,0,1,0,0,0,2,1,1,1,2,5,5,70.95,357.9,357.9,200.0,737,123.41633951057243,192.7174247308323,-0.017727195739274827,4209,5,34,2.0,5.0,0.0,0.0,0.0,4.0,0.0,0.0,1.0,0.0,1.0,0.0,25.0,1.0,112.0,112.0,0.0,94.0,84.0,111.0,,1.0,1.0,1.0,0.0,0.0,0.0,0.0,0.0,4.0,354.0,,,,0.0,2017-12-02 02:23:17
2987534,95724,0,19.95,W,16132,111.0,150.0,visa,226.0,debit,299.0,87.0,15.0,,,,1,1,0,0,0,2,1,1,1,2,5,5,567.95,1061.8700000000001,1061.8700000000001,367.95,398,162.27369585136137,250.47214685571137,-0.5682216471492509,3929,5,40,1.0,1.0,0.0,0.0,1.0,0.0,0.0,0.0,1.0,0.0,1.0,0.0,1.0,1.0,0.0,,,,0.0,0.0,1.0,1.0,1.0,0.0,1.0,,,1.0,1.0,0.0,0.0,,,,0.0,2017-12-02 02:35:24
2987666,99071,0,61.749,C,5365,177.0,185.0,mastercard,224.0,credit,,,,,anonymous.com,anonymous.com,0,0,0,0,1,3,1,1,1,0,0,0,0.0,0.0,0.0,0.0,-1,40.60253991596638,34.34148333099693,0.6157701424896412,476,1,9,1.0,1.0,0.0,1.0,0.0,1.0,1.0,1.0,0.0,1.0,1.0,1.0,1.0,1.0,0.0,,,0.0,0.0,0.0,,0.0,1.0,1.0,0.0,1.0,1.0,0.0,0.0,0.0,0.0,,1.0,1.0,0.0,2017-12-02 03:31:11
2987706,100024,0,57.95,W,4272,111.0,150.0,visa,226.0,debit,299.0,87.0,,,aol.com,,0,1,0,0,0,3,1,1,1,0,0,0,0.0,0.0,0.0,0.0,-1,160.48493458781374,265.1363903909307,-0.38672524143755205,1116,4,32,7.0,5.0,0.0,0.0,1.0,4.0,0.0,0.0,3.0,0.0,5.0,0.0,20.0,6.0,458.0,458.0,92.0,458.0,458.0,458.0,,0.0,1.0,1.0,1.0,0.0,0.0,1.0,1.0,0.0,0.0,,,,0.0,2017-12-02 03:47:04
2987774,101883,0,65.0,H,15066,170.0,150.0,mastercard,102.0,credit,476.0,87.0,,,yahoo.com,yahoo.com,0,0,0,0,1,4,1,1,1,2,13,13,103.95,3944.0099999999993,3944.0099999999993,2424.95,1576,209.8613446192572,311.0929077921858,-0.46565299622975176,7945,5,62,1.0,1.0,0.0,1.0,0.0,1.0,0.0,1.0,0.0,1.0,1.0,0.0,1.0,1.0,0.0,,,,,,,,,,,,,,,0.0,0.0,0.0,1.0,1.0,0.0,2017-12-02 04:18:03
2987807,103189,0,34.0,W,2146,555.0,150.0,visa,226.0,debit,315.0,87.0,726.0,,yahoo.com,,0,1,0,0,0,4,1,1,1,0,0,0,0.0,0.0,0.0,0.0,-1,64.91806451612904,39.57749027072122,-0.781203262375677,31,1,3,3.0,1.0,0.0,0.0,0.0,2.0,0.0,0.0,2.0,0.0,1.0,0.0,4.0,3.0,106.0,,105.0,223.0,251.0,434.0,1.0,0.0,1.0,1.0,0.0,0.0,0.0,0.0,0.0,0.0,0.0,,,,0.0,2017-12-02 04:39:49
2987868,106499,0,12.024,C,3154,408.0,185.0,mastercard,224.0,debit,,,,711.0,hotmail.com,hotmail.com,0,0,0,0,1,5,1,1,1,0,5,5,0.0,82.77499999999999,82.77499999999999,27.31,3767,35.66849956653662,32.532709620303656,-0.7267915843007461,4614,2,31,1.0,1.0,0.0,1.0,0.0,1.0,1.0,1.0,0.0,1.0,1.0,1.0,1.0,1.0,0.0,,,0.0,0.0,0.0,,0.0,1.0,1.0,0.0,1.0,1.0,0.0,0.0,0.0,0.0,,1.0,1.0,0.0,2017-12-02 05:34:59
2987994,111918,0,20.0,W,7919,194.0,150.0,mastercard,202.0,debit,325.0,87.0,,,,,1,1,0,0,0,7,1,1,0,39,42,42,5663.319999999999,6399.319999999999,6399.319999999999,445.0,93,101.20985065630897,116.82951886640902,-0.6951141410517144,14932,5,57,1.0,1.0,0.0,0.0,0.0,0.0,0.0,0.0,1.0,0.0,1.0,0.0,3.0,1.0,30.0,30.0,19.0,,30.0,30.0,,1.0,1.0,0.0,0.0,,,0.0,0.0,0.0,166.0,,,,0.0,2017-12-02 07:05:18
2988077,117055,0,600.0,W,9323,111.0,150.0,visa,226.0,debit,191.0,87.0,,,charter.net,,0,1,0,0,0,8,1,1,0,1,5,5,600.0,2600.0,2600.0,600.0,1511,156.53432380952378,175.55860848050858,2.5260263796161952,525,3,20,2.0,1.0,0.0,0.0,0.0,2.0,0.0,0.0,2.0,0.0,2.0,0.0,33.0,2.0,51.0,51.0,0.0,421.0,483.0,421.0,,0.0,1.0,0.0,0.0,0.0,0.0,0.0,0.0,3.0,1516.0,,,,0.0,2017-12-02 08:30:55
2988125,121281,0,115.0,W,11371,543.0,150.0,mastercard,224.0,debit,325.0,87.0,,,roadrunner.com,,0,1,0,0,0,9,1,1,0,2,5,5,925.0,2313.0,2313.0,488.0,2417,316.55,188.60163391601222,-1.0686545806371643,20,2,1,4.0,5.0,0.0,0.0,0.0,2.0,0.0,0.0,1.0,0.0,1.0,0.0,28.0,3.0,451.0,451.0,0.0,451.0,156.0,451.0,,1.0,1.0,1.0,0.0,0.0,0.0,0.0,0.0,0.0,167.0,,,,0.0,2017-12-02 09:41:21
2988145,123135,0,97.0,W,14426,111.0,150.0,mastercard,224.0,debit,272.0,87.0,7.0,,gmail.com,,0,1,0,0,0,10,1,1,0,0,1,1,0.0,117.0,117.0,117.0,7850,103.91318601895733,148.59471775013722,-0.04652376695234814,844,4,19,1.0,1.0,0.0,0.0,0.0,1.0,0.0,0.0,1.0,0.0,1.0,0.0,30.0,1.0,344.0,344.0,30.0,154.0,344.0,344.0,1.0,0.0,1.0,0.0,0.0,0.0,0.0,0.0,0.0,0.0,117.0,,,,0.0,2017-12-02 10:12:15
2988178,125749,0,50.0,W,8436,215.0,150.0,visa,226.0,credit,204.0,87.0,4.0,,,,1,1,0,0,0,10,1,1,0,0,0,0,0.0,0.0,0.0,0.0,-1,183.62406593406595,165.87404656665132,-0.8055754875454448,91,4,13,1.0,1.0,0.0,0.0,1.0,0.0,0.0,0.0,1.0,0.0,1.0,0.0,12.0,1.0,453.0,453.0,30.0,,453.0,453.0,1.0,0.0,1.0,0.0,1.0,,,1.0,1.0,0.0,0.0,,,,0.0,2017-12-02 10:55:49
2988184,126123,0,600.0,W,11849,271.0,150.0,visa,226.0,debit,330.0,87.0,,,yahoo.com,,0,1,0,0,0,11,1,1,0,0,0,0,0.0,0.0,0.0,0.0,-1,93.4491103202847,108.54340218281315,4.666804978404509,281,4,7,9.0,10.0,0.0,0.0,1.0,11.0,0.0,0.0,5.0,0.0,8.0,0.0,82.0,8.0,420.0,410.0,1.0,118.0,420.0,420.0,,0.0,1.0,1.0,0.0,0.0,0.0,0.0,0.0,0.0,0.0,,,,0.0,2017-12-02 11:02:03
2988187,126349,0,80.0,W,18132,567.0,150.0,mastercard,117.0,debit,476.0,87.0,,,yahoo.com,,0,1,0,0,0,11,1,1,0,1,7,7,120.0,597.9,597.9,200.0,2074,123.41633951057243,192.7174247308323,-0.22528497135747774,4209,5,34,2.0,5.0,0.0,0.0,0.0,4.0,0.0,0.0,1.0,0.0,1.0,0.0,25.0,1.0,112.0,112.0,0.0,95.0,85.0,112.0,,1.0,1.0,1.0,0.0,0.0,0.0,0.0,0.0,4.0,354.0,,,,0.0,2017-12-02 11:05:49
2988193,126590,0,291.95,W,4975,554.0,150.0,visa,137.0,credit,203.0,87.0,1.0,,,,1,1,0,0,0,11,1,1,0,0,0,0,0.0,0.0,0.0,0.0,-1,97.22495535714286,104.87917400470081,1.8566607383285583,224,4,10,1.0,1.0,0.0,0.0,1.0,1.0,0.0,0.0,1.0,0.0,1.0,0.0,18.0,1.0,473.0,473.0,28.0,,473.0,473.0,1.0,0.0,1.0,1.0,1.0,,,1.0,1.0,0.0,230.0,,,,0.0,2017-12-02 11:09:50
2988261,129512,1,160.5,W,11839,490.0,150.0,visa,226.0,debit,420.0,87.0,,,aol.com,,0,1,0,0,0,11,1,1,0,0,4,4,0.0,2325.45,2325.45,1973.0,21052,129.68568969072174,260.747237507798,0.1181769387234897,1940,5,32,2.0,2.0,0.0,0.0,0.0,2.0,0.0,0.0,1.0,0.0,1.0,0.0,29.0,1.0,395.0,395.0,27.0,456.0,395.0,456.0,,1.0,1.0,2.0,0.0,0.0,0.0,0.0,0.0,0.0,0.0,,,,0.0,2017-12-02 11:58:32
2988364,132116,0,125.0,W,15971,555.0,150.0,visa,226.0,debit,143.0,87.0,0.0,,gmail.com,,0,1,0,0,0,12,1,1,0,0,0,0,0.0,0.0,0.0,0.0,-1,166.48999999999998,142.31658241954432,-0.29153313896822586,20,1,2,4.0,2.0,0.0,0.0,2.0,3.0,0.0,0.0,2.0,0.0,3.0,0.0,28.0,4.0,17.0,17.0,9.0,484.0,434.0,484.0,1.0,0.0,1.0,1.0,1.0,0.0,0.0,1.0,1.0,0.0,345.95001220703125,,,,0.0,2017-12-02 12:41:56
2988416,133313,0,100.0,W,16998,562.0,150.0,mastercard,219.0,credit,330.0,87.0,,,comcast.net,,0,1,0,0,0,13,1,1,0,0,0,0,0.0,0.0,0.0,0.0,-1,120.19824324324324,74.80119135667813,-0.2700256891221288,74,3,8,13.0,14.0,0.0,0.0,4.0,7.0,0.0,0.0,6.0,0.0,6.0,0.0,49.0,11.0,38.0,38.0,1.0,297.0,101.0,129.0,,1.0,1.0,1.0,0.0,0.0,0.0,0.0,0.0,0.0,0.0,,,,0.0,2017-12-02 13:01:53
2988462,134046,0,117.0,W,3771,163.0,150.0,mastercard,224.0,debit,436.0,87.0,,,,,1,1,0,0,0,13,1,1,0,0,0,0,0.0,0.0,0.0,0.0,-1,168.87949152542373,246.31720659249544,-0.21062065554865037,59,1,13,1.0,1.0,0.0,0.0,0.0,0.0,0.0,0.0,0.0,0.0,1.0,0.0,1.0,1.0,0.0,,,,483.0,483.0,,0.0,1.0,0.0,0.0,,,0.0,0.0,0.0,0.0,,,,0.0,2017-12-02 13:14:06
2988534,135179,0,114.95,W,15688,555.0,150.0,visa,226.0,debit,387.0,87.0,,,,,1,1,0,0,0,13,1,1,0,0,0,0,0.0,0.0,0.0,0.0,-1,114.95,,0.0,1,1,1,1.0,1.0,0.0,0.0,1.0,0.0,0.0,0.0,0.0,0.0,1.0,0.0,1.0,1.0,0.0,,,,454.0,454.0,,1.0,1.0,1.0,0.0,,,1.0,0.0,0.0,0.0,,,,0.0,2017-12-02 13:32:59
2988850,139839,0,70.0,W,7826,481.0,150.0,mastercard,224.0,debit,325.0,87.0,,,gmail.com,,0,1,0,0,0,14,1,1,0,0,5,5,0.0,410.95,410.95,117.0,6690,122.76362308715913,176.53005990467102,-0.2988931353427983,3006,5,26,3.0,3.0,0.0,0.0,2.0,2.0,0.0,0.0,2.0,0.0,2.0,0.0,21.0,3.0,308.0,308.0,10.0,396.0,271.0,396.0,,1.0,1.0,0.0,0.0,0.0,0.0,1.0,1.0,0.0,0.0,,,,0.0,2017-12-02 14:50:39
2988991,141344,0,27.31,C,15885,545.0,185.0,visa,138.0,debit,,,,7.0,gmail.com,gmail.com,0,0,0,0,1,15,1,1,0,6,43,43,288.627,1536.3009999999997,1536.3009999999997,170.384,57,39.45529389055109,36.1778609512866,-0.3357106686574063,10361,2,32,1.0,3.0,0.0,1.0,0.0,1.0,1.0,1.0,0.0,1.0,1.0,1.0,1.0,1.0,0.0,0.0,0.0,0.0,0.0,0.0,,0.0,1.0,1.0,0.0,1.0,1.0,0.0,0.0,0.0,0.0,,,,0.0,2017-12-02 15:15:44
2988996,141402,0,185.95,W,4090,490.0,150.0,visa,226.0,debit,310.0,87.0,64.0,,,,1,1,0,0,0,15,1,1,0,0,5,5,0.0,460.32,460.32,335.0,18913,96.47191318681311,89.38869333452055,1.001000053533972,910,5,24,3.0,3.0,0.0,0.0,4.0,2.0,0.0,0.0,2.0,0.0,3.0,0.0,6.0,3.0,377.0,377.0,280.0,,462.0,462.0,1.0,0.0,1.0,0.0,1.0,,,1.0,1.0,0.0,0.0,,,,0.0,2017-12-02 15:16:42
2989015,141552,0,353.0,W,1444,490.0,150.0,visa,166.0,debit,441.0,87.0,,,gmail.com,,0,1,0,0,0,15,1,1,0,0,4,4,0.0,491.95,491.95,151.0,4586,107.13061405295329,147.2051349116924,1.670250063590122,1964,5,35,1.0,1.0,0.0,0.0,0.0,1.0,0.0,0.0,0.0,0.0,1.0,0.0,1.0,1.0,0.0,,,0.0,0.0,0.0,,0.0,1.0,1.0,0.0,0.0,0.0,0.0,0.0,0.0,0.0,,,,0.0,2017-12-02 15:19:12
2989078,142359,0,67.95,W,15757,322.0,150.0,visa,195.0,debit,299.0,87.0,,,,,1,1,0,0,0,15,1,1,0,0,2,2,0.0,117.9,117.9,58.95,46854,237.06977623762378,344.4813953453838,-0.49094023225277805,505,5,20,4.0,2.0,0.0,0.0,2.0,1.0,0.0,0.0,2.0,0.0,2.0,0.0,9.0,3.0,56.0,56.0,56.0,,200.0,200.0,,1.0,1.0,0.0,1.0,,,1.0,1.0,0.0,0.0,,,,0.0,2017-12-02 15:32:39
2989079,142365,0,213.0,W,11919,170.0,150.0,mastercard,224.0,debit,325.0,87.0,4.0,,yahoo.com,,0,1,0,0,0,15,1,1,0,0,1,1,0.0,26.5,26.5,26.5,53218,142.25700854700855,281.2289249103114,0.25154948579898945,936,5,40,5.0,1.0,0.0,0.0,0.0,2.0,0.0,0.0,1.0,0.0,2.0,0.0,5.0,4.0,434.0,434.0,28.0,191.0,191.0,191.0,1.0,1.0,1.0,2.0,0.0,0.0,0.0,0.0,0.0,0.0,0.0,,,,0.0,2017-12-02 15:32:45
2989106,142742,0,100.0,R,17416,555.0,150.0,visa,226.0,debit,264.0,87.0,,,anonymous.com,anonymous.com,0,0,0,0,1,15,1,1,0,0,0,0,0.0,0.0,0.0,0.0,-1,145.66619047619045,155.19601397832972,-0.2942484752383325,21,2,1,1.0,1.0,0.0,1.0,0.0,1.0,0.0,1.0,0.0,1.0,1.0,0.0,1.0,1.0,0.0,,,,,,,,,,,,,,,0.0,0.0,0.0,1.0,1.0,0.0,2017-12-02 15:39:02
2989184,143690,0,57.95,W,10057,225.0,150.0,mastercard,224.0,debit,123.0,87.0,,,gmail.com,,0,1,0,0,0,15,1,1,0,4,17,17,360.9,1676.8400000000001,1676.8400000000001,300.0,532,120.20926121288699,209.6893964330162,-0.2969118242122236,3166,5,25,1.0,1.0,0.0,0.0,2.0,1.0,0.0,0.0,1.0,0.0,1.0,0.0,2.0,1.0,453.0,453.0,59.0,453.0,453.0,,,0.0,1.0,1.0,1.0,0.0,0.0,1.0,,0.0,0.0,,,,0.0,2017-12-02 15:54:50
2989195,143749,0,57.95,W,4702,111.0,150.0,mastercard,224.0,debit,476.0,87.0,,,,,1,1,0,0,0,15,1,1,0,0,0,0,0.0,0.0,0.0,0.0,-1,118.61953687315632,210.9808401007593,-0.2875594620069862,339,5,11,1.0,1.0,0.0,0.0,1.0,0.0,0.0,0.0,0.0,0.0,1.0,0.0,1.0,1.0,343.0,343.0,343.0,,343.0,423.0,,0.0,1.0,0.0,0.0,,,0.0,0.0,0.0,0.0,,,,0.0,2017-12-02 15:55:49
2989213,143923,0,120.0,H,18268,583.0,150.0,visa,226.0,credit,472.0,87.0,,,gmail.com,gmail.com,0,0,0,0,1,15,1,1,0,0,1,1,0.0,445.0,445.0,445.0,54163,211.99553274336287,320.9066801432398,-0.28667378535809784,1130,5,49,2.0,1.0,0.0,1.0,0.0,1.0,0.0,1.0,0.0,1.0,1.0,0.0,1.0,1.0,0.0,,,,,,,,,,,,,,,0.0,0.0,0.0,2.0,1.0,0.0,2017-12-02 15:58:43
2989219,143987,0,209.95,W,3958,361.0,150.0,visa,226.0,credit,494.0,87.0,5.0,,comcast.net,,0,1,0,0,0,15,1,1,0,0,0,0,0.0,0.0,0.0,0.0,-1,209.95,,0.0,1,1,1,4.0,2.0,0.0,0.0,1.0,2.0,0.0,0.0,1.0,0.0,1.0,0.0,16.0,3.0,0.0,,,407.0,407.0,426.0,1.0,0.0,1.0,1.0,1.0,0.0,0.0,1.0,1.0,0.0,0.0,,,,0.0,2017-12-02 15:59:47
2989277,144474,0,50.0,W,4578,481.0,150.0,mastercard,102.0,credit,204.0,87.0,6.0,,aol.com,,0,1,0,0,0,16,1,1,0,0,0,0,0.0,0.0,0.0,0.0,-1,356.2883333333334,471.7678483803736,-0.6492352846529326,42,3,16,2.0,1.0,0.0,0.0,1.0,1.0,0.0,0.0,2.0,0.0,1.0,0.0,11.0,2.0,400.0,400.0,31.0,428.0,480.0,480.0,1.0,0.0,1.0,1.0,1.0,0.0,0.0,1.0,1.0,0.0,0.0,,,,0.0,2017-12-02 16:07:54
2989361,145388,0,50.0,R,16777,399.0,150.0,american express,150.0,credit,204.0,87.0,,,anonymous.com,anonymous.com,0,0,0,0,1,16,1,1,0,0,0,0,0.0,0.0,0.0,0.0,-1,184.23076923076923,168.80519040507107,-0.7951815279415532,13,2,7,1.0,1.0,0.0,1.0,0.0,1.0,0.0,1.0,0.0,1.0,1.0,0.0,1.0,1.0,0.0,,,0.0,0.0,0.0,,0.0,1.0,1.0,0.0,1.0,1.0,,0.0,0.0,0.0,0.0,1.0,1.0,0.0,2017-12-02 16:23:08
2989396,145729,0,117.0,W,14079,360.0,150.0,mastercard,126.0,debit,325.0,87.0,,,gmail.com,,0,1,0,0,0,16,1,1,0,1,5,5,117.0,295.92,295.92,117.0,1541,100.3874823196605,108.7493360177609,0.15275971595473783,707,3,42,1.0,2.0,0.0,0.0,0.0,1.0,0.0,0.0,0.0,0.0,1.0,0.0,1.0,1.0,98.0,,99.0,,0.0,,,0.0,1.0,0.0,0.0,,,0.0,,0.0,0.0,,,,0.0,2017-12-02 16:28:49
2989438,146110,0,200.0,H,16075,514.0,150.0,mastercard,102.0,credit,441.0,87.0,,,gmail.com,,0,1,0,0,0,16,1,1,0,2,10,10,689.99,1616.94,1616.94,659.99,952,279.848370330843,857.7922095186385,-0.09308591223467859,3748,5,56,1.0,1.0,0.0,0.0,0.0,1.0,0.0,1.0,0.0,1.0,1.0,0.0,1.0,1.0,0.0,,,,,,,,,,,,,,,0.0,0.0,178624.78125,1.0,1.0,0.0,2017-12-02 16:35:10
2989444,146145,0,250.0,W,11319,155.0,150.0,visa,226.0,credit,226.0,87.0,,,,,1,1,0,0,0,16,1,1,0,1,2,2,75.0,105.0,105.0,75.0,1186,169.43983280757095,256.67371852722937,0.3138621579750199,317,5,41,5.0,4.0,0.0,0.0,3.0,5.0,0.0,0.0,2.0,0.0,4.0,0.0,21.0,5.0,458.0,458.0,32.0,,459.0,,,0.0,1.0,0.0,1.0,,,1.0,,0.0,0.0,,,,0.0,2017-12-02 16:35:45
2989502,146654,0,100.0,S,14479,387.0,150.0,visa,226.0,credit,428.0,87.0,,1528.0,,outlook.com,1,0,0,1,0,16,1,1,0,5,6,6,500.0,600.0,600.0,100.0,22,248.1274992412747,372.57394252491326,-0.39757879533233786,659,5,46,3.0,3.0,0.0,2.0,0.0,0.0,0.0,2.0,0.0,2.0,2.0,0.0,2.0,1.0,589.0,589.0,,,,,,,,,,,,,,0.0,0.0,0.0,3.0,2.0,0.0,2017-12-02 16:44:14
2989654,148170,0,60.0,W,6902,275.0,150.0,mastercard,224.0,debit,143.0,87.0,,,aol.com,,0,1,0,0,0,17,1,1,0,0,0,0,0.0,0.0,0.0,0.0,-1,83.87115384615385,43.38302011865223,-0.5502418637721952,26,1,2,1.0,1.0,0.0,0.0,1.0,2.0,0.0,0.0,1.0,0.0,1.0,0.0,29.0,1.0,395.0,395.0,16.0,,474.0,,,0.0,1.0,1.0,1.0,,,1.0,,0.0,0.0,,,,0.0,2017-12-02 17:09:30
2989659,148262,0,75.0,W,1431,492.0,150.0,visa,226.0,debit,343.0,87.0,,,,,1,1,0,0,0,17,1,1,0,0,0,0,0.0,0.0,0.0,0.0,-1,183.7176,325.7082806557763,-0.33378825917815036,125,3,6,4.0,9.0,0.0,0.0,1.0,2.0,0.0,0.0,3.0,0.0,3.0,0.0,22.0,3.0,272.0,272.0,4.0,,29.0,283.0,,0.0,1.0,0.0,1.0,,,1.0,1.0,0.0,0.0,,,,0.0,2017-12-02 17:11:02
2989710,148729,0,100.0,W,7919,194.0,150.0,mastercard,166.0,debit,472.0,87.0,,,,,1,1,0,0,0,17,1,1,0,34,317,317,4327.469999999999,42860.51999999999,42860.51999999999,730.71,207,101.20985065630897,116.82951886640902,-0.010355693219043383,14932,5,57,3.0,1.0,0.0,0.0,1.0,1.0,0.0,0.0,2.0,0.0,3.0,0.0,14.0,3.0,245.0,245.0,30.0,,456.0,245.0,,1.0,1.0,1.0,1.0,,,1.0,1.0,0.0,0.0,,,,0.0,2017-12-02 17:18:49
2989963,151114,0,884.0,W,7919,194.0,150.0,mastercard,166.0,debit,191.0,87.0,,,yahoo.com,,0,1,0,0,0,17,1,1,0,39,346,346,3799.7,45825.36999999998,45825.36999999998,730.71,139,101.20985065630897,116.82951886640902,6.700277095541133,14932,5,57,1.0,1.0,0.0,0.0,1.0,2.0,0.0,0.0,2.0,0.0,1.0,0.0,3.0,1.0,58.0,58.0,27.0,55.0,58.0,58.0,,0.0,1.0,2.0,1.0,0.0,0.0,1.0,1.0,0.0,0.0,,,,0.0,2017-12-02 17:58:34
2990028,151695,0,10.151,C,13832,375.0,185.0,mastercard,224.0,debit,,,,,gmail.com,gmail.com,0,0,0,0,1,18,1,1,0,1,7,7,43.261,158.17999999999998,158.17999999999998,43.261,687,38.82637536372453,38.409584725416856,-0.7465682216748653,2062,1,17,1.0,1.0,0.0,1.0,0.0,1.0,1.0,1.0,0.0,1.0,1.0,1.0,1.0,1.0,0.0,,,,0.0,,,0.0,1.0,0.0,0.0,,,0.0,,0.0,0.0,,,,0.0,2017-12-02 18:08:15
2990051,151914,0,424.95,W,11106,100.0,150.0,visa,226.0,credit,337.0,87.0,2342.0,,,,1,1,0,0,0,18,1,1,0,0,6,6,0.0,5556.83,5556.83,2547.46,5331,281.967383018868,480.0798270690571,0.29783092085759444,1060,5,48,1.0,1.0,0.0,0.0,1.0,0.0,0.0,0.0,0.0,0.0,1.0,0.0,1.0,1.0,0.0,,,,0.0,,,0.0,1.0,0.0,0.0,,,0.0,,0.0,0.0,,,,0.0,2017-12-02 18:11:54
2990061,151994,0,15.0,W,10057,225.0,150.0,mastercard,224.0,debit,272.0,87.0,595.0,,gmail.com,,0,1,0,0,0,18,1,1,0,2,21,21,85.0,1975.7900000000002,1975.7900000000002,300.0,1934,120.20926121288699,209.6893964330162,-0.5017385857491146,3166,5,25,1.0,2.0,0.0,0.0,0.0,1.0,0.0,0.0,1.0,0.0,1.0,0.0,7.0,1.0,91.0,91.0,1.0,92.0,21.0,92.0,1.0,1.0,1.0,1.0,0.0,0.0,0.0,0.0,0.0,1.0,59.0,,,,0.0,2017-12-02 18:13:14
2990130,152647,0,75.0,H,4577,583.0,150.0,mastercard,219.0,credit,299.0,87.0,,,gmail.com,hotmail.com,0,0,0,0,0,18,1,1,0,0,0,0,0.0,0.0,0.0,0.0,-1,476.1065549132949,815.0871243003638,-0.4921026758428894,173,5,29,2.0,2.0,0.0,1.0,0.0,1.0,0.0,1.0,0.0,1.0,1.0,0.0,0.0,0.0,0.0,,,,,,,,,,,,,,,0.0,0.0,0.0,2.0,1.0,0.0,2017-12-02 18:24:07
2990169,153046,0,57.95,W,8831,342.0,150.0,visa,226.0,debit,170.0,87.0,,,icloud.com,,0,1,0,0,0,18,1,1,0,0,0,0,0.0,0.0,0.0,0.0,-1,68.39668750000001,65.99194388682986,-0.1583024667058622,16,2,1,1.0,1.0,0.0,0.0,1.0,1.0,0.0,0.0,2.0,0.0,1.0,0.0,7.0,1.0,150.0,150.0,17.0,93.0,150.0,,,1.0,1.0,0.0,1.0,0.0,0.0,1.0,,0.0,0.0,,,,0.0,2017-12-02 18:30:46
2990484,155948,0,20.0,W,14079,360.0,150.0,mastercard,126.0,debit,264.0,87.0,1.0,,yahoo.com,,0,1,0,0,0,19,1,1,0,0,7,7,0.0,924.87,924.87,511.95,5192,100.3874823196605,108.7493360177609,-0.7391997529670586,707,3,42,1.0,1.0,0.0,0.0,1.0,1.0,0.0,0.0,1.0,0.0,1.0,0.0,2.0,1.0,15.0,15.0,15.0,,15.0,,,1.0,1.0,1.0,1.0,,,1.0,,0.0,0.0,,,,0.0,2017-12-02 19:19:08
2990486,155960,0,50.0,W,10989,360.0,150.0,visa,166.0,debit,441.0,87.0,,,gmail.com,,0,1,0,0,0,19,1,1,0,0,3,3,0.0,185.9,185.9,107.95,17413,84.63578801843317,113.60649137410721,-0.30487507887535414,1085,4,47,4.0,6.0,0.0,0.0,4.0,3.0,0.0,0.0,3.0,0.0,2.0,0.0,14.0,2.0,336.0,336.0,31.0,,180.0,,,1.0,1.0,1.0,1.0,,,2.0,,0.0,0.0,,,,0.0,2017-12-02 19:19:20
2990513,156225,0,117.0,W,11157,215.0,150.0,visa,226.0,debit,204.0,87.0,,,att.net,,0,1,0,0,0,19,1,1,0,0,6,6,0.0,3479.45,3479.45,2590.5,7243,114.55388908246235,197.35412109520783,0.012394526670956094,1722,5,22,1.0,1.0,0.0,0.0,0.0,1.0,0.0,0.0,1.0,0.0,1.0,0.0,1.0,1.0,0.0,,,,0.0,,,0.0,1.0,0.0,0.0,,,0.0,,0.0,0.0,,,,0.0,2017-12-02 19:23:45
2990610,157227,0,47.95,W,14079,360.0,150.0,mastercard,126.0,debit,315.0,87.0,9.0,,gmail.com,,0,1,0,0,0,19,1,1,0,1,8,8,20.0,944.87,944.87,511.95,1279,100.3874823196605,108.7493360177609,-0.4821866894993863,707,3,42,5.0,3.0,0.0,0.0,9.0,6.0,0.0,0.0,3.0,0.0,3.0,0.0,19.0,5.0,143.0,143.0,3.0,45.0,437.0,437.0,1.0,0.0,1.0,1.0,2.0,0.0,0.0,2.0,2.0,0.0,0.0,,,,0.0,2017-12-02 19:40:27
2990655,157585,0,255.07,W,9708,562.0,150.0,visa,226.0,credit,299.0,87.0,,,yahoo.com,,0,1,0,0,0,19,1,1,0,0,1,1,0.0,49.0,49.0,49.0,21632,361.32770642201837,527.3840788191401,-0.20148068682683565,109,4,30,1.0,1.0,0.0,0.0,1.0,1.0,0.0,0.0,1.0,0.0,1.0,0.0,1.0,1.0,0.0,,,,0.0,,,0.0,1.0,0.0,0.0,,,0.0,,0.0,0.0,,,,0.0,2017-12-02 19:46:25
2990667,157698,0,997.47,W,10486,514.0,150.0,mastercard,219.0,credit,204.0,87.0,9.0,,gmail.com,,0,1,0,0,0,19,1,1,0,0,17,17,0.0,3224.7299999999996,3224.7299999999996,462.95,5771,240.9389772455089,416.5654922818968,1.8161154410805924,2505,5,54,2.0,1.0,0.0,0.0,1.0,1.0,0.0,0.0,1.0,0.0,1.0,0.0,2.0,2.0,0.0,,,,66.0,,,1.0,1.0,0.0,1.0,,,0.0,,0.0,0.0,,,,0.0,2017-12-02 19:48:18
2990677,157821,0,363.5,W,8007,555.0,150.0,visa,226.0,debit,476.0,87.0,,,gmail.com,,0,1,0,0,0,19,1,1,0,0,0,0,0.0,0.0,0.0,0.0,-1,91.57692307692308,86.5741123146921,3.1409282711978794,13,1,1,1.0,1.0,0.0,0.0,1.0,1.0,0.0,0.0,1.0,0.0,1.0,0.0,1.0,1.0,0.0,,,,0.0,,,0.0,1.0,0.0,0.0,,,0.0,,0.0,0.0,,,,0.0,2017-12-02 19:50:21
2990724,158323,0,944.95,W,17400,174.0,150.0,visa,226.0,debit,123.0,87.0,,,hotmail.com,,0,1,0,0,0,19,1,1,0,0,10,10,0.0,1181.97,1181.97,212.0,21301,114.58090143737174,164.62930359389074,5.043871780026424,1461,5,21,1.0,1.0,0.0,0.0,1.0,1.0,0.0,0.0,1.0,0.0,1.0,0.0,1.0,1.0,0.0,,,,0.0,,,0.0,1.0,0.0,0.0,,,0.0,,0.0,0.0,,,,0.0,2017-12-02 19:58:43
2990743,158518,0,59.0,W,7919,194.0,150.0,mastercard,166.0,debit,433.0,87.0,549.0,,gmail.com,,0,1,0,0,0,20,1,1,0,38,435,435,4842.399999999999,56286.049999999916,56286.049999999916,884.0,356,101.20985065630897,116.82951886640902,-0.3612943977332873,14932,5,57,1.0,1.0,0.0,0.0,0.0,1.0,0.0,0.0,1.0,0.0,1.0,0.0,1.0,1.0,0.0,,,,0.0,,,0.0,1.0,0.0,0.0,,,0.0,,0.0,0.0,,,,0.0,2017-12-02 20:01:58
2990773,158827,0,75.0,W,7919,194.0,150.0,mastercard,166.0,debit,330.0,87.0,,,,,1,1,0,0,0,20,1,1,0,40,440,440,4466.4,56605.99999999991,56605.99999999991,884.0,51,101.20985065630897,116.82951886640902,-0.22434270816675309,14932,5,57,2.0,1.0,0.0,0.0,0.0,1.0,0.0,0.0,2.0,0.0,2.0,0.0,3.0,2.0,89.0,89.0,89.0,,214.0,89.0,,1.0,1.0,1.0,0.0,,,0.0,0.0,0.0,0.0,,,,0.0,2017-12-02 20:07:07
2990781,158933,0,29.0,W,16189,268.0,150.0,visa,166.0,debit,325.0,87.0,,,yahoo.com,,0,1,0,0,0,20,1,1,0,0,1,1,0.0,40.5,40.5,40.5,19492,96.98653225806451,137.11115824414722,-0.49584974066810944,248,2,9,1.0,1.0,0.0,0.0,0.0,1.0,0.0,0.0,1.0,0.0,1.0,0.0,3.0,1.0,11.0,11.0,4.0,,11.0,,,1.0,1.0,1.0,0.0,,,0.0,,0.0,0.0,,,,0.0,2017-12-02 20:08:53
2990862,159876,0,32.97,W,7207,111.0,150.0,visa,226.0,debit,204.0,87.0,9.0,,,,1,1,0,0,0,20,1,1,0,0,14,14,0.0,2984.3699999999994,2984.3699999999994,1183.95,5643,140.94437470907693,201.0827822670593,-0.5369647937617826,2578,5,34,2.0,2.0,0.0,0.0,1.0,0.0,0.0,0.0,2.0,0.0,2.0,0.0,2.0,2.0,0.0,,,,0.0,0.0,1.0,1.0,1.0,0.0,1.0,,,1.0,1.0,0.0,0.0,,,,0.0,2017-12-02 20:24:36
2990907,160284,1,49.0,W,3507,,150.0,visa,226.0,credit,204.0,87.0,48.0,,,,1,1,0,0,0,20,1,1,0,1,1,1,40.0,40.0,40.0,40.0,251,218.84333333333333,362.3278841822693,-0.46875589969193077,126,4,22,3.0,3.0,0.0,0.0,0.0,1.0,0.0,0.0,2.0,0.0,2.0,0.0,6.0,2.0,28.0,28.0,0.0,,28.0,,,1.0,1.0,1.0,0.0,,,0.0,,0.0,0.0,,,,0.0,2017-12-02 20:31:24
2990926,160483,0,50.0,H,3605,514.0,150.0,mastercard,224.0,debit,325.0,87.0,,,gmail.com,,0,1,0,0,0,20,1,1,0,0,1,1,0.0,186.0,186.0,186.0,13978,179.7983501006036,260.0260734857826,-0.4991743649419087,497,3,13,1.0,1.0,0.0,0.0,0.0,1.0,0.0,1.0,0.0,1.0,1.0,0.0,1.0,1.0,0.0,,,,,,,,,,,,,,,0.0,0.0,184923.765625,1.0,1.0,0.0,2017-12-02 20:34:43
2991004,161380,0,108.95,W,7919,194.0,150.0,mastercard,166.0,debit,220.0,87.0,209.0,,,,1,1,0,0,0,20,1,1,0,31,460,460,3110.6499999999996,58669.7499999999,58669.7499999999,884.0,99,101.20985065630897,116.82951886640902,0.06625165813223671,14932,5,57,3.0,3.0,0.0,0.0,1.0,1.0,0.0,0.0,2.0,0.0,2.0,0.0,5.0,3.0,49.0,49.0,25.0,,44.0,49.0,1.0,1.0,1.0,0.0,1.0,,,0.0,0.0,0.0,0.0,,,,0.0,2017-12-02 20:49:40
2991093,162114,0,200.0,R,12501,490.0,150.0,visa,226.0,debit,204.0,87.0,,,anonymous.com,anonymous.com,0,0,0,0,1,21,1,1,0,0,14,14,0.0,2111.17,2111.17,500.0,5191,121.3978518401016,171.14956150002314,0.45926000318667354,3152,5,30,1.0,1.0,0.0,1.0,0.0,1.0,0.0,1.0,0.0,1.0,1.0,0.0,1.0,1.0,0.0,,,,,,,,,,,,,,,0.0,0.0,0.0,1.0,1.0,0.0,2017-12-02 21:01:54
2991177,162816,0,47.95,W,12866,303.0,150.0,visa,226.0,debit,330.0,87.0,29.0,,gmail.com,,0,1,0,0,0,21,1,1,0,0,7,7,0.0,388.95,388.95,107.95,7014,109.52680628272252,191.17622022395463,-0.3220944854469241,573,4,11,3.0,1.0,0.0,0.0,2.0,2.0,0.0,0.0,1.0,0.0,2.0,0.0,6.0,3.0,10.0,10.0,10.0,10.0,80.0,10.0,,0.0,1.0,1.0,0.0,0.0,0.0,1.0,1.0,0.0,0.0,,,,0.0,2017-12-02 21:13:36
2991239,163337,0,150.0,W,16661,490.0,150.0,visa,226.0,debit,327.0,87.0,,,,,1,1,0,0,0,21,1,1,0,0,5,5,0.0,327.95,327.95,107.95,15925,150.88695402298848,292.6343371228335,-0.0030309294244447353,783,4,21,1.0,1.0,0.0,0.0,0.0,0.0,0.0,0.0,1.0,0.0,1.0,0.0,6.0,1.0,390.0,390.0,55.0,,365.0,390.0,,0.0,1.0,1.0,0.0,,,0.0,0.0,0.0,0.0,,,,0.0,2017-12-02 21:22:17
2991253,163543,0,77.0,W,15971,555.0,150.0,visa,226.0,debit,143.0,87.0,0.0,,gmail.com,,0,1,0,0,0,21,1,1,0,0,1,1,0.0,125.0,125.0,125.0,31427,166.48999999999998,142.31658241954432,-0.6288093662633535,20,1,2,2.0,2.0,0.0,0.0,0.0,1.0,0.0,0.0,1.0,0.0,1.0,0.0,2.0,1.0,19.0,19.0,19.0,241.0,19.0,241.0,1.0,0.0,1.0,1.0,0.0,0.0,0.0,0.0,0.0,0.0,0.0,,,,0.0,2017-12-02 21:25:43
2991260,163607,0,311.95,W,9909,226.0,150.0,mastercard,102.0,credit,264.0,87.0,103.0,,gmail.com,,0,1,0,0,0,21,1,1,0,0,0,0,0.0,0.0,0.0,0.0,-1,323.01873015873014,559.2616074775395,-0.019791686056645105,63,3,17,8.0,5.0,0.0,0.0,8.0,5.0,0.0,0.0,5.0,0.0,6.0,0.0,48.0,7.0,316.0,316.0,57.0,317.0,317.0,317.0,1.0,1.0,1.0,1.0,1.0,0.0,0.0,1.0,1.0,0.0,0.0,,,,0.0,2017-12-02 21:26:47
2991313,164291,0,59.0,W,15066,170.0,150.0,mastercard,102.0,credit,330.0,87.0,85.0,,gmail.com,,0,1,0,0,0,21,1,1,0,2,39,39,1187.47,11562.78,11562.78,2424.95,1508,209.8613446192572,311.0929077921858,-0.4849398390015197,7945,5,62,1.0,1.0,0.0,0.0,0.0,1.0,0.0,0.0,1.0,0.0,1.0,0.0,0.0,0.0,0.0,,,,0.0,,,0.0,1.0,0.0,0.0,,,0.0,,0.0,0.0,,,,0.0,2017-12-02 21:38:11
2991369,164919,0,30.95,W,8868,205.0,150.0,visa,166.0,debit,231.0,87.0,12.0,,aol.com,,0,1,0,0,0,21,1,1,0,0,4,4,0.0,307.9,307.9,190.0,5015,115.02621301775145,219.76860913048574,-0.38256697965373165,507,3,41,83.0,73.0,0.0,0.0,152.0,68.0,0.0,0.0,43.0,0.0,54.0,0.0,475.0,72.0,0.0,,0.0,,400.0,,,0.0,1.0,0.0,1.0,,,0.0,,0.0,0.0,,,,0.0,2017-12-02 21:48:39
2991507,166337,0,216.0,W,7005,111.0,150.0,visa,226.0,debit,264.0,87.0,855.0,,gmail.com,,0,1,0,0,0,22,1,1,1,0,9,9,0.0,1232.75,1232.75,390.0,11208,108.00462276214829,114.56347835434958,0.9426684558565649,782,5,22,2.0,5.0,0.0,0.0,0.0,7.0,0.0,0.0,2.0,0.0,2.0,0.0,25.0,2.0,62.0,62.0,1.0,,51.0,,,0.0,1.0,2.0,0.0,,,0.0,,0.0,0.0,,,,0.0,2017-12-02 22:12:17
2991601,167309,0,88.5,W,3094,276.0,150.0,visa,226.0,debit,191.0,87.0,,,,,1,1,0,0,0,22,1,1,1,1,4,4,88.5,609.5,609.5,200.0,3113,123.38914807302233,138.5960984009134,-0.251732541359854,493,4,9,1.0,1.0,0.0,0.0,0.0,1.0,0.0,0.0,2.0,0.0,1.0,0.0,1.0,1.0,56.0,56.0,0.0,,57.0,,,1.0,1.0,0.0,0.0,,,0.0,,0.0,0.0,,,,0.0,2017-12-02 22:28:29
2991631,167565,0,36.95,W,7919,194.0,150.0,mastercard,202.0,debit,205.0,87.0,2.0,,,,1,1,0,0,0,22,1,1,1,35,528,528,3641.9499999999994,65364.09999999983,65364.09999999983,884.0,192,101.20985065630897,116.82951886640902,-0.5500309449171672,14932,5,57,1.0,1.0,0.0,0.0,1.0,0.0,0.0,0.0,1.0,0.0,1.0,0.0,2.0,1.0,88.0,88.0,89.0,,89.0,89.0,1.0,1.0,1.0,0.0,1.0,,,1.0,1.0,0.0,0.0,,,,0.0,2017-12-02 22:32:45
2991741,168910,0,150.0,H,6019,583.0,150.0,visa,226.0,credit,337.0,87.0,,,verizon.net,verizon.net,0,0,0,0,1,22,1,1,1,2,39,39,561.95,5396.0199999999995,5396.0199999999995,700.0,2134,225.44133673017265,395.9885428344052,-0.19051393808057918,6771,5,64,1.0,1.0,0.0,1.0,0.0,1.0,0.0,1.0,0.0,1.0,1.0,0.0,1.0,1.0,0.0,,,,,,,,,,,,,,,0.0,0.0,0.0,1.0,1.0,2.0,2017-12-02 22:55:10
2991971,171409,0,50.0,W,7826,481.0,150.0,mastercard,224.0,debit,433.0,87.0,18.0,,,,1,1,0,0,0,23,1,1,1,1,23,23,100.0,4359.349999999999,4359.349999999999,1104.0,2831,122.76362308715913,176.53005990467102,-0.41218828751575015,3006,5,26,3.0,2.0,0.0,0.0,0.0,1.0,0.0,0.0,1.0,0.0,1.0,0.0,17.0,3.0,168.0,153.0,11.0,,448.0,,,0.0,1.0,0.0,0.0,,,0.0,,0.0,0.0,,,,0.0,2017-12-02 23:36:49
2992151,173221,0,100.0,W,17995,555.0,150.0,visa,226.0,debit,204.0,87.0,,,bellsouth.net,,0,1,0,0,0,0,2,2,1,0,0,0,0.0,0.0,0.0,0.0,-1,92.06181818181817,71.0013947200233,0.11180318146543625,55,2,3,2.0,1.0,0.0,0.0,1.0,2.0,0.0,0.0,1.0,0.0,1.0,0.0,14.0,2.0,474.0,474.0,25.0,437.0,473.0,,,1.0,1.0,1.0,1.0,0.0,0.0,1.0,,0.0,0.0,,,,0.0,2017-12-03 00:07:01
2992156,173265,0,117.0,W,12932,361.0,150.0,visa,226.0,debit,204.0,87.0,,,yahoo.com,,0,1,0,0,0,0,2,2,1,0,6,6,0.0,690.99,690.99,425.0,5066,122.76235535535544,201.4800101752707,-0.028600134327681805,1998,5,16,1.0,1.0,0.0,0.0,0.0,1.0,0.0,0.0,1.0,0.0,1.0,0.0,0.0,0.0,0.0,,,,0.0,,,0.0,1.0,0.0,0.0,,,0.0,,0.0,0.0,,,,0.0,2017-12-03 00:07:45
2992264,174512,0,39.0,W,2616,327.0,150.0,discover,102.0,credit,272.0,87.0,1.0,,yahoo.com,,0,1,0,0,0,0,2,2,1,3,35,35,495.95,14124.000000000004,14124.000000000004,3000.0,1748,270.70255555555525,396.98850120920827,-0.583650546174008,4410,4,53,1.0,1.0,0.0,0.0,0.0,1.0,0.0,0.0,1.0,0.0,1.0,0.0,1.0,1.0,0.0,,,-122.0,0.0,,,0.0,1.0,0.0,0.0,0.0,0.0,0.0,,0.0,0.0,,,,0.0,2017-12-03 00:28:32
2992526,177545,0,59.0,W,9112,250.0,150.0,visa,226.0,debit,441.0,87.0,,,gmail.com,,0,1,0,0,0,1,2,2,1,1,13,13,54.5,1015.2800000000001,1015.2800000000001,209.95,1161,97.55800211505937,153.06911534739052,-0.2518992941688592,2364,5,16,1.0,1.0,0.0,0.0,0.0,1.0,0.0,0.0,1.0,0.0,1.0,0.0,1.0,1.0,0.0,,,,0.0,,,0.0,1.0,0.0,0.0,,,0.0,,0.0,0.0,,,,0.0,2017-12-03 01:19:05
2992534,177697,0,35.95,W,4663,490.0,150.0,visa,166.0,debit,315.0,87.0,,,gmail.com,,0,1,0,0,0,1,2,2,1,1,9,11,440.99,1272.88,1379.83,440.99,293,97.0155415162455,100.12885817376805,-0.6098695484000193,1108,3,44,2.0,3.0,0.0,0.0,3.0,3.0,0.0,0.0,0.0,0.0,3.0,0.0,4.0,2.0,29.0,29.0,2.0,0.0,2.0,2.0,,0.0,1.0,2.0,2.0,0.0,0.0,1.0,1.0,0.0,0.0,,,,0.0,2017-12-03 01:21:37
2992614,178854,0,30.0,W,10267,555.0,150.0,visa,166.0,debit,264.0,87.0,35.0,,gmail.com,,0,1,0,0,0,1,2,2,1,0,1,1,0.0,29.95,29.95,29.95,85418,87.30402597402598,72.722006393123,-0.7879874169622054,77,2,15,1.0,1.0,0.0,0.0,1.0,1.0,0.0,0.0,2.0,0.0,1.0,0.0,4.0,1.0,20.0,20.0,6.0,20.0,20.0,20.0,1.0,1.0,1.0,1.0,1.0,0.0,0.0,1.0,1.0,1.0,104.8499984741211,,,,0.0,2017-12-03 01:40:54
2992656,179586,0,50.0,W,7034,136.0,150.0,mastercard,224.0,debit,315.0,87.0,,,gmail.com,,0,1,0,0,0,1,2,2,1,0,1,1,0.0,50.0,50.0,50.0,83095,147.83424242424238,258.2779671240366,-0.37879437999935167,66,3,4,2.0,1.0,0.0,0.0,1.0,1.0,0.0,0.0,1.0,0.0,2.0,0.0,54.0,2.0,482.0,482.0,7.0,,482.0,,,0.0,1.0,1.0,1.0,,,1.0,,0.0,0.0,,,,0.0,2017-12-03 01:53:06
2992667,179712,0,209.95,W,17188,321.0,150.0,visa,226.0,debit,310.0,87.0,12.0,,yahoo.com,,0,1,0,0,0,1,2,2,1,3,77,86,318.9,8955.409999999998,11460.060000000001,460.0,2360,129.63205510440753,186.07370022199746,0.43164587364989343,10344,5,54,2.0,1.0,0.0,0.0,2.0,1.0,0.0,0.0,1.0,0.0,1.0,0.0,12.0,2.0,151.0,151.0,57.0,476.0,476.0,476.0,1.0,0.0,1.0,1.0,2.0,0.0,0.0,1.0,2.0,0.0,0.0,,,,0.0,2017-12-03 01:55:12
2992680,179896,0,52.505,C,3154,408.0,185.0,mastercard,224.0,debit,,,,631.0,gmail.com,gmail.com,0,0,0,0,1,1,2,2,1,5,30,32,286.27,1355.8250000000003,1378.6640000000002,157.817,85,35.66849956653662,32.532709620303656,0.5175253039161463,4614,2,31,2.0,5.0,0.0,1.0,0.0,1.0,1.0,1.0,0.0,1.0,1.0,1.0,0.0,0.0,0.0,,0.0,0.0,0.0,0.0,,0.0,1.0,1.0,0.0,1.0,1.0,0.0,0.0,0.0,0.0,,,,2.0,2017-12-03 01:58:16
2992773,181918,0,100.0,H,17188,321.0,150.0,visa,226.0,debit,299.0,87.0,,,gmail.com,,0,1,0,0,0,2,2,2,1,4,80,90,468.95,9316.41,11929.010000000002,460.0,146,129.63205510440753,186.07370022199746,-0.15924902374196165,10344,5,54,2.0,1.0,0.0,0.0,0.0,1.0,0.0,1.0,0.0,1.0,1.0,0.0,1.0,1.0,0.0,,,,,,,,,,,,,,,0.0,0.0,189645.75,2.0,1.0,0.0,2017-12-03 02:31:58
2992778,182038,0,24.5,W,9485,111.0,150.0,visa,226.0,debit,315.0,87.0,,,yahoo.com,,0,1,0,0,0,2,2,2,1,1,3,4,30.95,113.89,222.39,46.99,2445,97.86376923076921,131.07579343260855,-0.5597049410079561,559,4,21,1.0,1.0,0.0,0.0,0.0,1.0,0.0,0.0,1.0,0.0,1.0,0.0,1.0,1.0,0.0,,,,0.0,,,0.0,1.0,0.0,0.0,,,0.0,,0.0,0.0,,,,0.0,2017-12-03 02:33:58
2992902,184963,0,79.996,C,7157,515.0,119.0,visa,226.0,credit,,,,,gmail.com,gmail.com,0,0,0,0,1,3,2,2,1,0,0,0,0.0,0.0,0.0,0.0,-1,57.69139534883722,48.514641498427366,0.45974996335664553,43,2,3,1.0,3.0,0.0,1.0,0.0,1.0,1.0,1.0,0.0,1.0,1.0,1.0,2.0,1.0,5.0,5.0,5.0,,0.0,,,0.0,1.0,0.0,0.0,,,0.0,,0.0,0.0,,,,0.0,2017-12-03 03:22:43
2993024,188952,0,100.0,W,12544,321.0,150.0,visa,226.0,debit,476.0,87.0,,,yahoo.com,,0,1,0,0,0,4,2,2,1,0,73,79,0.0,6621.259999999998,6935.159999999998,700.0,5956,108.95817983168423,143.26441278493851,-0.06252899556522674,6773,5,37,3.0,1.0,0.0,0.0,1.0,1.0,0.0,0.0,2.0,0.0,2.0,0.0,14.0,3.0,0.0,,,458.0,458.0,425.0,,0.0,1.0,1.0,1.0,0.0,0.0,0.0,1.0,0.0,0.0,,,,0.0,2017-12-03 04:29:12
2993028,189076,0,25.96,W,7508,321.0,150.0,visa,226.0,debit,110.0,87.0,,,,,1,1,0,0,0,4,2,2,1,0,38,46,0.0,4316.38,7458.269999999998,445.0,6308,125.90032292263611,183.62950922538957,-0.5442497959299553,3490,5,44,1.0,1.0,0.0,0.0,1.0,0.0,0.0,0.0,0.0,0.0,1.0,0.0,6.0,1.0,24.0,24.0,9.0,,24.0,,,0.0,1.0,0.0,1.0,,,1.0,,0.0,0.0,,,,0.0,2017-12-03 04:31:16
2993117,192868,0,107.95,W,14386,146.0,150.0,mastercard,102.0,credit,264.0,87.0,,,gmail.com,,0,1,0,0,0,5,2,2,1,0,1,1,0.0,77.99,77.99,77.99,36115,123.89636585365852,158.1202469356401,-0.10084961390269769,41,3,2,2.0,2.0,0.0,0.0,3.0,1.0,0.0,0.0,1.0,0.0,2.0,0.0,10.0,1.0,409.0,409.0,28.0,465.0,479.0,479.0,,1.0,1.0,0.0,1.0,0.0,0.0,1.0,1.0,0.0,0.0,,,,0.0,2017-12-03 05:34:28
